ID,pIC50,activity,SMILES
lit546,3.55,inactive,[C@](C1=CC=C(O)C=C1)(C(=O)O)NC[C@@](C(O)=O)NC[C@@](C(O)=O)N
lit540,4.74,inactive,[C@](CC(N)=O)(C(=O)O)NC[C@@](C(O)=O)NC[C@@](C(O)=O)N
lit544,4.42,inactive,[C@](CC1=CC=C(O)C=C1)(C(=O)O)NC[C@@](C(O)=O)NC[C@@](C(O)=O)N
lit545,4.27,inactive,[C@](CC1=CC=C(OP(O)(=O)O)C=C1)(C(=O)O)NC[C@@](C(O)=O)NC[C@@](C(O)=O)N
lit547,4.37,inactive,[C@](CC1=CC=CS1)(C(=O)O)NC[C@@](C(O)=O)NC[C@@](C(O)=O)N
lit542,4,inactive,[C@](CC1=CC2=CC=CC=C2N1)(C(=O)O)NC[C@@](C(O)=O)NC[C@@](C(O)=O)N
lit541,4,inactive,[C@](CCCNC(=N)N)(C(=O)O)NC[C@@](C(O)=O)NC[C@@](C(O)=O)N
lit543,4.1,inactive,[C@](CO)(C(=O)O)NC[C@@](C(O)=O)NC[C@@](C(O)=O)N
lit222,3.24,inactive,[C@@]123[C@@H]4[C@H](C)CC[C@H]3[C@@H](C)C(=O)O[C@@H]2O[C@](C)(OO1)CC4
lit93,4.92,inactive,[nH]1nnnc1C(CS)CCCc2ccccc2
lit140,6.14,active,[O-][N+](=O)c(c1)ccc(c12)[nH]c(n2)NC(=O)CSc3n(N)c(nn3)Cc4ccccc4
lit143,6.77,active,[O-][N+](=O)c(cc1)cc(c12)[nH]c(n2)NC(=O)CSc3[nH]c(nn3)-c4c(N)cccc4
lit138,5.23,intermediate,[O-][N+](=O)c(cc1)cc(c12)[nH]c(n2)NC(=O)CSc3[nH]c(nn3)-c4c(O)cccc4
lit144,5.96,intermediate,[O-][N+](=O)c(cc1)cc(c12)[nH]c(n2)NC(=O)CSc3n(N)c(nn3)-c4c(N)cccc4
lit137,5.89,intermediate,[O-][N+](=O)c(cc1)cc(c12)[nH]c(n2)NC(=O)CSc3oc(nn3)-c4c(O)cccc4
lit139,6.3,active,[O-][N+](=O)c(cc1)cc(c12)[nH]c(n2)NC(=O)CSc3oc(nn3)Cc4ccccc4
lit142,5.6,intermediate,[O-][N+](=O)c(cc1)cc(c12)[nH]c(n2)NC(=O)CSc3sc(nn3)-c4c(N)cccc4
lit136,5.19,intermediate,[O-][N+](=O)c(cc1)cc(c12)[nH]c(n2)NC(=O)CSc3sc(nn3)-c4c(O)cccc4
lit141,5.29,intermediate,[O-][N+](=O)c(cc1)cc(c12)[nH]c(n2)NC(=O)CSc3sc(nn3)-c4cc([N+]([O-])=O)ccc4
lit321,4.01,inactive,[S](C1=CC(=CC=C1Cl)Cl)(NCC2=C(N=N[N]2)NC3CCCCC3)(=O)=O
lit319,3.85,inactive,[S](C1=CC=C(C)C=C1)(NCC2=C(N=N[N]2)COC(C)(C)C)(=O)=O
lit320,3.84,inactive,[S](C1=CC=C(C)C=C1)(NCC2=C(N=N[N]2)NC3CCCCC3)(=O)=O
lit323,4.09,inactive,[S](C1=CC=C(I)C=C1)(NCC2=C(N=N[N]2)NC(C3=CC=CC=C3)(C4=CC=CC=C4)C5=CC=CC=C5)(=O)=O
lit322,3.83,inactive,[S](C1=CC=C(I)C=C1)(NCC2=C(N=N[N]2)NC3CCCCC3)(=O)=O
lit108,5.47,intermediate,Brc1ccc(cc1)NC(=S)N/N=C2\C(=O)Nc(c23)c(Cl)ccc3
lit647,5.59,intermediate,BrCC(=O)C(=O)O
lit566,6,active,C([N+]([O-])=O)1=CC=C(O)C2=NC=CC=C12
lit589,5.73,intermediate,C(/C1=C(Cl)C=C(Cl)C=C1)=C\C(=O)NOC(=O)OCC
lit561,4.76,inactive,C(/C1=CC=C(N(=O)=O)C=C1)=N\NC(=S)N
lit671,4.59,inactive,C(/C1=CC=C(O)C=C1)=N\NC(NC1=C(C)C=CC=C1)=S
lit667,4.75,inactive,C(/C1=CC=C(O)C=C1)=N\NC(NC1=C(CC)C=CC=C1)=S
lit669,4.7,inactive,C(/C1=CC=C(O)C=C1)=N\NC(NC1=CC=C(C)C=C1)=S
lit668,4.81,inactive,C(/C1=CC=C(O)C=C1)=N\NC(NC1=CC=C(Cl)C=C1)=S
lit672,4.1,inactive,C(/C1=CC=C(O)C=C1)=N\NC(NC1CCCCC1)=S
lit673,4.1,inactive,C(/C1=CC=C(O)C=C1)=N\NC(NCC)=S
lit588,5.2,intermediate,C(/C1=CC=CC=C1)=C/C(O)NOC(=O)OCC
lit659,5.16,intermediate,C(/C1=CC=CC=C1O)=N\NC(=S)N
lit664,6.38,active,C(/C1=CC=CC=C1O)=N\NC(NC1=C(C)C=CC=C1)=S
lit660,6.33,active,C(/C1=CC=CC=C1O)=N\NC(NC1=C(CC)C=CC=C1)=S
lit662,6.55,active,C(/C1=CC=CC=C1O)=N\NC(NC1=CC=C(C)C=C1)=S
lit661,6.92,active,C(/C1=CC=CC=C1O)=N\NC(NC1=CC=C(Cl)C=C1)=S
lit665,5.06,intermediate,C(/C1=CC=CC=C1O)=N\NC(NC1CCCCC1)=S
lit666,4.87,inactive,C(/C1=CC=CC=C1O)=N\NC(NCC)=S
lit379,5.36,intermediate,C(=O)(O)CC(C(=O)O)NC[C@@H](C)NC(C(O)=O)CC(O)=O
lit380,5.02,intermediate,C(=O)(O)CC(C(=O)O)NC[C@H](C)NC(C(O)=O)CC(O)=O
lit357,4.33,inactive,C(=O)(O)CN(CC1=CC(=CO1)C)CC(=O)O
lit356,4.04,inactive,C(=O)(O)CN(CC1=CC(=CS1)C)CC(=O)O
lit574,5.42,intermediate,C(Br)1=CC(Br)=C(O)C2=NC=CC=C12
lit385,5.59,intermediate,C(C(=O)C(=O)O)Br
lit365,5.64,intermediate,C(C(=O)N)N(CC(=O)O)CC(=O)O
lit367,3.88,inactive,C(C(=O)O)C(CC(=O)O)(C(=O)O)O
lit364,5.89,intermediate,C(C(=O)O)N(CC(=O)O)CC(=O)O
lit366,6.04,active,C(C(=O)O)N(CC(=O)O)CP(=O)(O)O
lit350,3.92,inactive,C(C(=O)O)NCC(=O)O
lit363,4.12,inactive,C(C(=O)O)NCP(=O)(O)O
lit512,6.36,active,C(C(=O)OC)C(C(OC)=O)SCCCS
lit377,5.1,intermediate,C(C(C(=O)O)NCC(=O)O)C(=O)O
lit374,5.63,intermediate,C(C(C(=O)O)NCC(C(=O)O)N)C(=O)O
lit371,5.58,intermediate,C(C(C(=O)O)NCC(C(=O)O)NCC(=O)O)C(=O)O
lit370,6.03,active,C(C(C(=O)O)NCC(C(=O)O)NCC(C(=O)O)N)C(=O)O
lit383,5.46,intermediate,C(C(C(=O)O)NCC(CNC(CC(=O)O)C(=O)O)O)C(=O)O
lit327,5.89,intermediate,C(C(CS)S)O
lit539,4.25,inactive,C(C)(C)(S)[C@](C(=O)O)NC[C@@](C(O)=O)NC[C@@](C(O)=O)N
lit538,3.95,inactive,C(C)(C)(S)[C@@](C(=O)O)NC[C@@](C(O)=O)NC[C@@](C(O)=O)N
lit483,5.09,intermediate,C(C)1=C(Cl)C=CC(C)=C1NC(=O)CS
lit476,5.22,intermediate,C(C)1=CC=CC=C1NC(=O)CS
lit499,4.82,inactive,C(C1=CC=CC=C1)(=O)N/N=C/C1=NC=CC=C1
lit586,6.3,active,C(C1=CC=CC=C1)(C1=CC=CC=C1)CC(=O)NOC(=O)OCC
lit457,4.36,inactive,C(C1=CC=CC=C1)C(NC(=O)CC3=CC=C(C2=CC=CC=C2)C=C3)C(SCC(O)=O)=O
lit458,4.54,inactive,C(C1=CC=CC=C1)C(NC(=O)CCCC)C(SCC(O)=O)=O
lit500,5.44,intermediate,C(C1=CC=CC=C1O)(=O)N/N=C/C1=NC=CC=C1
lit497,5.13,intermediate,C(C1=CC=CO1)(=O)N/N=C/C1=C(O)C=CC=C1
lit496,5.51,intermediate,C(C1=CC=CO1)(=O)N/N=C/C1=NC=CC=C1
lit498,5.57,intermediate,C(C1=CC=CS1)(=O)N/N=C/C1=NC=CC=C1
lit534,4.66,inactive,C(C1N=CNC=1)[C@@](C(=O)O)NC[C@@](C(O)=O)NC[C@@](C(O)=O)N
lit414,4.2,inactive,C(CCC1=CC=CC=C1)(=O)NNC([S-])=S
lit575,5.28,intermediate,C(Cl)1=CC(Cl)=C(O)C2=NC(C)=CC=C12
lit572,5.19,intermediate,C(Cl)1=CC(Cl)=C(O)C2=NC=CC=C12
lit573,5.32,intermediate,C(Cl)1=CC(I)=C(O)C2=NC=CC=C12
lit571,5.28,intermediate,C(Cl)1=CC=C(O)C2=NC=CC=C12
lit473,5.74,intermediate,C(Cl)1=CC=CC=C1NC(=O)CS
lit381,5.51,intermediate,C(CNC(CC(=O)O)C(=O)O)CNC(CC(=O)O)C(=O)O
lit378,5.66,intermediate,C(CNC(CC(=O)O)C(=O)O)NC(CC(=O)O)C(=O)O
lit537,4,inactive,C(CS)[C@](C(=O)O)NC[C@@](C(O)=O)NC[C@@](C(O)=O)N
lit460,4.42,inactive,C(CSC)C(NC(=O)C1=CC=CC=C1)C(SCC(O)=O)=O
lit459,4.71,inactive,C(CSC)C(NC(=O)CC1=CC=CC=C1)C(SCC(O)=O)=O
lit567,5.77,intermediate,C(N)1=CC=C(O)C2=NC=CC=C12
lit597,6.46,active,C(NS(=O)(=O)C1=CC=C([N+]([O-])=O)C=C1)1=CC=CC2=CC=CN=C12
lit595,7.7,active,C(NS(=O)(=O)C1=CC=C(Br)C=C1)1=CC=CC2=CC=CN=C12
lit593,6.25,active,C(NS(=O)(=O)C1=CC=C(C(C)(C)C)C=C1)1=CC=CC2=CC=CN=C12
lit592,6.23,active,C(NS(=O)(=O)C1=CC=C(C)C=C1)1=CC=CC2=CC=CN=C12
lit594,7.7,active,C(NS(=O)(=O)C1=CC=C(Cl)C=C1)1=CC=CC2=CC=CN=C12
lit596,6.22,active,C(NS(=O)(=O)C1=CC=C(NC(=O)C)C=C1)1=CC=CC2=CC=CN=C12
lit591,6.89,active,C(NS(=O)(=O)C1=CC=C(OC)C=C1)1=CC=CC2=CC=CN=C12
lit590,7.52,active,C(NS(=O)(=O)C1=CC=CC=C1)1=CC=CC2=CC=CN=C12
lit600,5.94,intermediate,C(NS(C1=CC=CC2=C(N(C)C)C=CC=C12)(=O)=O)1=CC=CC2=CC=CN=C12
lit598,5.92,intermediate,C(NS(C1=CC=CC2=CC=CC=C12)(=O)=O)1=CC=CC2=CC=CN=C12
lit599,6.1,active,C(NS(C1=CC2=CC=CC=C2C=C1)(=O)=O)1=CC=CC2=CC=CN=C12
lit601,6.05,active,C(NS(C1=CN=CC=C1)(=O)=O)1=CC=CC2=CC=CN=C12
lit602,6.15,active,C(NS(CC)(=O)=O)1=CC=CC2=CC=CN=C12
lit603,6.19,active,C(NS(CCC)(=O)=O)1=CC=CC2=CC=CN=C12
lit604,6,active,C(NS(CCCC)(=O)=O)1=CC=CC2=CC=CN=C12
lit605,5.85,intermediate,C(NS(N)(=O)=O)1=CC=CC2=CC=CN=C12
lit527,4.02,inactive,C(O)(=O)C[C@@](C(=O)O)NC[C@@](C(O)=O)NC[C@@](C(=O)O)NC
lit526,4,inactive,C(O)(=O)C[C@@](C(=O)O)NC[C@@](C(O)=O)NC[C@@](C(=O)O)NC([C@@](CC1=CC=C(O)C=C1)N)=O
lit525,4,inactive,C(O)(=O)C[C@@](C(=O)O)NC[C@@](C(O)=O)NC[C@@](C(=O)O)NC(=O)CN
lit529,3.98,inactive,C(O)(=O)C[C@@](C(=O)O)NC[C@@](C(O)=O)NC[C@@](CSC1=CC=C(C)C=C1)N
lit530,4.27,inactive,C(O)(=O)C[C@@](C(=O)O)NC[C@@](C(O)=O)NC[C@@](CSC1=CC=C(O)C=C1)N
lit528,4.9,inactive,C(O)(=O)C[C@@](C(=O)O)NC[C@@](C(O)=O)NC[C@@](CSC1=CC=CC=C1)N
lit531,4.53,inactive,C(O)(=O)C[C@@](C(=O)O)NC[C@@](C(O)=O)NC[C@@](CSCCC)N
lit532,3.6,inactive,C(O)(=O)C[C@@](C(=O)O)NC[C@@](C(O)=O)NC[C@@](CSCCO)N
lit533,4.24,inactive,C(O)(=O)C[C@@](C(=O)O)NC[C@@](CSC1=CC=CC=C1)NC[C@@](C(O)=O)N
lit372,5.87,intermediate,C(O)(=O)C[C@@H](C(O)=O)NC[C@@H](C(O)=O)NCCC(O)=O
lit376,4.74,inactive,C(O)(=O)C[C@@H](C(O)=O)NCC[C@@H](C(=O)O)N
lit373,5.86,intermediate,C(O)(=O)C[C@@H](C(O)=O)NCC[C@@H](C(=O)O)NCC(O)=O
lit612,4.61,inactive,C(OS(C1=CC=C([N+](=O)[O-])C=C1)(=O)=O)1=CC=CC2=CC=CN=C12
lit610,4.64,inactive,C(OS(C1=CC=C(Br)C=C1)(=O)=O)1=CC=CC2=CC=CN=C12
lit608,4.73,inactive,C(OS(C1=CC=C(C)C=C1)(=O)=O)1=CC=CC2=CC=CN=C12
lit609,4.97,inactive,C(OS(C1=CC=C(Cl)C=C1)(=O)=O)1=CC=CC2=CC=CN=C12
lit611,4.65,inactive,C(OS(C1=CC=C(NC(=O)C)C=C1)(=O)=O)1=CC=CC2=CC=CN=C12
lit607,4.87,inactive,C(OS(C1=CC=C(OC)C=C1)(=O)=O)1=CC=CC2=CC=CN=C12
lit606,5.08,intermediate,C(OS(C1=CC=CC=C1)(=O)=O)1=CC=CC2=CC=CN=C12
lit615,4.74,inactive,C(OS(C1=CC=CC2=C(N(C)C)C=CC=C12)(=O)=O)1=CC=CC2=CC=CN=C12
lit613,4.65,inactive,C(OS(C1=CC=CC2=CC=CC=C12)(=O)=O)1=CC=CC2=CC=CN=C12
lit614,4.71,inactive,C(OS(C1=CC2=CC=CC=C2C=C1)(=O)=O)1=CC=CC2=CC=CN=C12
lit535,4.81,inactive,C(S)[C@](C(=O)O)NC[C@@](C(O)=O)NC[C@@](C(O)=O)N
lit536,3.39,inactive,C(S)[C@@](C(=O)O)NC[C@@](C(O)=O)NC[C@@](C(O)=O)N
lit503,6.6,active,C(S)CCSCC(=O)C1=CC=C(C)C=C1
lit505,6.22,active,C(S)CCSCC(=O)C1=CC=C(F)C=C1
lit507,6.37,active,C(S)CCSCC(=O)C1=CC=C(OC)C=C1
lit501,6.32,active,C(SCCCS)1CCCC1=O
lit229,4.43,inactive,C[C@@H]([C@H]12)N[C@@H](CC1)CCCCCCCC(=O)O[C@@H]3[C@H](C)N[C@@H](CC3)CCCCCCCC(=O)O2
lit247,4.22,inactive,C[C@@H](O)[C@@H](C1=O)[C@H](N12)SC(=C2C(=O)O)[C@H]3CCCO3
lit206,6.15,active,C[C@@H]1[C@H](O)[C@H](N)COC1O[C@H]2C[C@](O)(C(=O)C)Cc(c23)c(O)c4c(c3O)C(=O)c5c(C4=O)cccc5
lit438,5.6,intermediate,C=CCN1C(=O)C2=CC=CC=C2S1
lit296,6.5,active,C1(=C([N](C=C1)[S](N)(=O)=O)C([O-])=O)[C]2CN[C](=[N+]([H])[H])NC2
lit554,6.06,active,C1(=C(C)C=C(O)C=C1)/C=N/NC(=S)N
lit409,4.94,inactive,C1(=C(C=CC=C1)C(=O)NNC([S-])=S)N
lit406,6.42,active,C1(=C(C=CC=C1)C(=O)NNC([S-])=S)O
lit552,5.16,intermediate,C1(=C(O)C=CC=C1)/C=N/NC(=S)N
lit294,8.1,active,C1(=C[N]N=C1)C2=C([N](C=C2)[S](N)(=O)=O)C(O)=O
lit555,5.13,intermediate,C1(=CC(O)=CC=C1)/C=N/NC(=S)N
lit557,4.7,inactive,C1(=CC=C(Cl)C=C1)/C=N/NC(=S)N
lit523,6.24,active,C1(=CC=C(Cl)C=C1)CN(C)C(=O)CSCCS
lit558,4.8,inactive,C1(=CC=C(Cl)C=C1Cl)/C=N/NC(=S)N
lit324,3.64,inactive,C1(=CC=C(I)C=C1)[S](=O)(=O)NCC2=C(COC(O)C)[N]N=N2
lit553,5.04,intermediate,C1(=CC=C(O)C=C1)/C=N/NC(=S)N
lit556,4.78,inactive,C1(=CC=CC=C1)/C=N/NC(=S)N
lit587,5.41,intermediate,C1(=CC=CC=C1)C(=O)NOC(=O)OC1=CC=CC=C1
lit559,4.69,inactive,C1(=CC=CC=C1Cl)/C=N/NC(=S)N
lit549,5.75,intermediate,C1(=CC=CC=N1)/C=N/NC(=S)N
lit651,6.96,active,C1(=CC=CC=N1)/C=N/NC(=S)NC1=CC=C(C)C=C1
lit648,7.42,active,C1(=CC=CC=N1)/C=N/NC(=S)NC1=CC=C(Cl)C=C1
lit654,6.57,active,C1(=CC=CC=N1)/C=N/NC(=S)NC1=CC=C(OC)C=C1
lit649,7.2,active,C1(=CC=CC=N1)/C=N/NC(=S)NC1=CC=CC=C1
lit653,6.24,active,C1(=CC=CC=N1)/C=N/NC(=S)NC1=CC=CC=C1C
lit650,6.29,active,C1(=CC=CC=N1)/C=N/NC(=S)NC1=CC=CC=C1CC
lit655,5.82,intermediate,C1(=CC=CC=N1)/C=N/NC(=S)NC1CCCCC1
lit656,5.27,intermediate,C1(=CC=CC=N1)/C=N/NC(=S)NCC
lit658,5.45,intermediate,C1(=CC=CC=N1)/C=N/NC(=S)NCC(C)C
lit657,5.61,intermediate,C1(=CC=CC=N1)/C=N/NC(=S)NCCCC
lit550,5.17,intermediate,C1(=CC=CN=C1)/C=N/NC(=S)N
lit560,5.01,intermediate,C1(=CC=CS1)/C=N/NC(=S)N
lit551,5.09,intermediate,C1(=CC=NC=C1)/C=N/NC(=S)N
lit477,5.47,intermediate,C1=C(C)C=CC=C1NC(=O)CS
lit412,6.28,active,C1=C(C=CC(=C1)C(C)(C)C)C(=O)NNC([S-])=S
lit410,4.04,inactive,C1=C(C=CC(=C1)Cl)C(=O)NNC([S-])=S
lit408,4.17,inactive,C1=C(C=CC(=C1)O)C(=O)NNC([S-])=S
lit413,6.28,active,C1=C(C=CC=C1)C(=O)NNC([S-])=S
lit415,5.82,intermediate,C1=C(C=CC=C1)C(O)C(=O)NNC(=S)[S-]
lit407,5.25,intermediate,C1=C(C=CC=C1)CC(=O)NNC(=S)[S-]
lit430,4.87,inactive,C1=C(C=CC=C1)NC(=O)SC3=NN=C(C2=C(O)C=CC=C2)[N]3N
lit428,4.74,inactive,C1=C(C=CC=C1)NC(=O)SC3=NN=C(C2=CC(=CC=C2)[N+]([O-])=O)[N]3N
lit426,4.74,inactive,C1=C(C=CC=C1)NC(=O)SC3=NN=C(C2=CC=CC(=C2)[N+]([O-])=O)O3
lit424,5,intermediate,C1=C(C=CC=C1)NC(=O)SC3=NN=C(C2=CC=CC(=C2)[N+]([O-])=O)S3
lit429,4.72,inactive,C1=C(C=CC=C1)NC(=O)SC3=NN=C(CC2=CC=CC=C2)[N]3N
lit427,4.58,inactive,C1=C(C=CC=C1)NC(=O)SC3=NN=C(CC2=CC=CC=C2)O3
lit425,4.9,inactive,C1=C(C=CC=C1)NC(=O)SC3=NN=C(CC2=CC=CC=C2)S3
lit431,4.79,inactive,C1=C(C=CC=C1)NC(=O)SC3=NN=C(CC2=CC=CS2)[N]3N
lit411,4.82,inactive,C1=C(C=CC=C1Br)C(=O)NNC([S-])=S
lit471,6.19,active,C1=C(Cl)C(Cl)=CC=C1NC(=O)CS
lit474,5.57,intermediate,C1=C(Cl)C=CC=C1NC(=O)CS
lit344,6.68,active,C1=C(N=C(C=C1)C(O)=O)CN(C2=CC=CS2)CCN(C3=CC=CS3)CC4=NC(=CC=C4)C(O)=O
lit345,6.43,active,C1=C(N=C(C=C1)C(O)=O)CN(C2=CSC=C2)CCN(C3=CSC=C3)CC4=NC(=CC=C4)C(O)=O
lit340,6.96,active,C1=C(N=C(C=C1)C(O)=O)CN(CC2=C(F)C=CC=C2F)CCN(CC3=C(F)C=CC=C3F)CC4=NC(=CC=C4)C(O)=O
lit339,7.22,active,C1=C(N=C(C=C1)C(O)=O)CN(CC2=CC=C(C(C)(C)C)C=C2)CCN(CC3=CC=C(C(C)(C)C)C=C3)CC4=NC(=CC=C4)C(O)=O
lit334,7.1,active,C1=C(N=C(C=C1)C(O)=O)CN(CC2=CC=C(C)C=C2)CCN(CC3=CC=C(C)C=C3)CC4=NC(=CC=C4)C(O)=O
lit335,6.19,active,C1=C(N=C(C=C1)C(O)=O)CN(CC2=CC=C(Cl)C=C2)CCN(CC3=CC=C(Cl)C=C3)CC4=NC(=CC=C4)C(O)=O
lit338,6.03,active,C1=C(N=C(C=C1)C(O)=O)CN(CC2=CC=C(F)C=C2)CCN(CC3=CC=C(F)C=C3)CC4=NC(=CC=C4)C(O)=O
lit341,6.77,active,C1=C(N=C(C=C1)C(O)=O)CN(CC2=CC=C(F)C=C2F)CCN(CC3=C(F)C=C(F)C=C3)CC4=NC(=CC=C4)C(O)=O
lit337,6.3,active,C1=C(N=C(C=C1)C(O)=O)CN(CC2=CC=CC(=C2)F)CCN(CC3=CC(=CC=C3)F)CC4=NC(=CC=C4)C(O)=O
lit336,6.52,active,C1=C(N=C(C=C1)C(O)=O)CN(CC2=CC=CC=C2F)CCN(CC3=C(F)C=CC=C3)CC4=NC(=CC=C4)C(O)=O
lit343,6.34,active,C1=C(N=C(C=C1)C(O)=O)CN(CC2=CN=CC=C2)CCN(CC3=CN=CC=C3)CC4=NC(=CC=C4)C(O)=O
lit330,6.64,active,C1=C(N=C(C=C1)C(O)=O)CN(CCCCCC)CCN(CCCCCC)CC2=NC(=CC=C2)C(O)=O
lit331,6.55,active,C1=C(N=C(C=C1)C(O)=O)CN(CCCCCCC)CCN(CCCCCCC)CC2=NC(=CC=C2)C(O)=O
lit332,6.38,active,C1=C(N=C(C=C1)C(O)=O)CN(CCCCCCCC)CCN(CCCCCCCC)CC2=NC(=CC=C2)C(O)=O
lit469,4.1,inactive,C1=C(O)C=CC=C1CCC1=CC=C(C(OC)=O)C=C1OC
lit360,4.49,inactive,C1=C(SC(=C1)Br)CN(CC(=O)O)CC(=O)O
lit361,4.34,inactive,C1=C(SC(=C1)Cl)CN(CC(=O)O)CC(=O)O
lit297,8.8,active,C1=C[N]([S](N)(=O)=O)C(=C1C3=CC=C(N2CCOCC2)C=C3)C(O)=O
lit292,7.9,active,C1=CC(=CC=C1C(=O)N)C2=C([N](C=C2)[S](N)(=O)=O)C(=O)[O-][Na+]
lit368,4.41,inactive,C1=CC(=CC=C1C=CC(=O)C2=C(C=C(C=C2)O)O)OC3C(C(C(C(O3)CO)O)O)O
lit290,8.1,active,C1=CC(=CC=C1F)C2=C([N](C=C2)[S](N)(=O)=O)C(=O)[O-][Na+]
lit291,8.2,active,C1=CC(=CC=C1F)C2=C([N](C=C2)[S](N)(=O)=O)C(=O)O[Na]
lit293,7.9,active,C1=CC(=CN=C1N)C2=C([N](C=C2)[S](N)(=O)=O)C(=O)[O-][Na+]
lit260,4.48,inactive,C1=CC(=O)C(C)(C)C(C12C)CC(OC(=O)C)C3(C)C2CCC4(C)C3=CC(=O)OC4(OCCO)c5ccoc5
lit576,6.09,active,C1=CC(=S)N(O)C(C(O)=O)=C1
lit570,6.12,active,C1=CC(C(=O)O)=C(O)C2=NC=CC=C12
lit511,5.11,intermediate,C1=CC(C(C(OC)=O)SCCCS)=CC=C1[N+]([O-])=O
lit510,5.81,intermediate,C1=CC(C(C(OC)=O)SCCS)=CC=C1[N+]([O-])=O
lit509,6.06,active,C1=CC(C(C(OC)=O)SCCS)=CC=C1Cl
lit584,5.67,intermediate,C1=CC(C(C)(C)C)=CC=C1C(=O)NOC(=O)OCC
lit482,5.82,intermediate,C1=CC(C(C)=O)=CC=C1NC(=O)CS
lit480,5.17,intermediate,C1=CC(CCO)=CC=C1NC(=O)CS
lit475,5.68,intermediate,C1=CC(Cl)=CC=C1NC(=O)CS
lit582,4.65,inactive,C1=CC(COC(=O)ONC(=O)C2=CC=CS2)=CC=C1
lit581,6.64,active,C1=CC(COC(=O)ONC(=O)CC(C2=CC=CC=C2)C2=CC=CC=C2)=CC=C1
lit481,5.2,intermediate,C1=CC(S(=O)(=O)N)=CC=C1NC(=O)CS
lit417,5.41,intermediate,C1=CC=C(C=C1)C2=CC(=O)C3=C(C(=C(C=C3O2)OC4C(C(C(C(O4)C(=O)O)O)O)O)O)O
lit325,5.74,intermediate,C1=CC=C(C=C1)CC(CS)C(=O)NCC(=O)O
lit447,5.98,intermediate,C1=CC=C(C=C1)CCCN2C(=O)C3=CC=CC=C3S2
lit333,6.47,active,C1=CC=C(C=C1)CN(CCN(CC2=CC=CC=C2)CC3=NC(=CC=C3)C(=O)O)CC4=NC(=CC=C4)C(=O)O
lit446,6.11,active,C1=CC=C(C=C1)CN2C(=O)C3=CC=CC=C3S2
lit387,7.14,active,C1=CC=C(C=C1)N2C(=O)C3=CC=CC=C3[Se]2
lit441,6.8,active,C1=CC=C(C=C1)N2C(=O)C3=CC=CC=C3S2
lit472,5.44,intermediate,C1=CC=C(C=C1)NC(=O)CS
lit433,4.63,inactive,C1=CC=C(C=C1)NC(=O)CSC2=NC3=CC=CC=C3N2
lit432,5.22,intermediate,C1=CC=C(C=C1)NC(=O)CSC2=NC3=CC=CC=C3S2
lit568,5.72,intermediate,C1=CC=C(O)C2=NC=C(C(O)=O)C=C12
lit569,5.72,intermediate,C1=CC=C(O)C2=NC=CC(C(O)=O)=C12
lit389,7.28,active,C1=CC=C2C(=C1)C(=O)N([Se]2)C3=CC(=CC=C3)[N+](=O)[O-]
lit388,7.37,active,C1=CC=C2C(=C1)C(=O)N([Se]2)C3=CC=C(C=C3)[N+](=O)[O-]
lit390,7.22,active,C1=CC=C2C(=C1)C(=O)N([Se]2)C3=CC=C(C=C3)C(=O)O
lit396,6.92,active,C1=CC=C2C(=C1)C(=O)N([Se]2)CC(=O)O
lit397,6.85,active,C1=CC=C2C(=C1)C(=O)N([Se]2)CCC(=O)O
lit392,7.38,active,C1=CC=C2C(=C1)C(=O)N([Se]2)CO
lit452,6.4,active,C1=CC=C2C(=C1)C(=O)N(S2)C(=O)NCC3=CC=CO3
lit362,6.36,active,C1=CC=C2C(=C1)C(=O)N(S2)C3=CC=C(C=C3)Cl
lit448,6.18,active,C1=CC=C2C(=C1)C(=O)N(S2)C3=CC=CC=C3N
lit449,6.7,active,C1=CC=C2C(=C1)C(=O)N(S2)CCN3C(=O)C4=CC=CC=C4S3
lit440,4.07,inactive,C1=CC=C2C(=C1)C(=O)N(S2)CCO
lit435,4.01,inactive,C1=CC=C2C(=C1)C(=O)NS2
lit434,5.42,intermediate,C1C=C(NC(CSC2SC(CCC3SC(SCC(NC4C=CC=CC=4)=O)=NN=3)=NN=2)=O)C=CC=1
lit583,5.45,intermediate,C1=CC=CC=C1C(=O)NOC(=O)OCC
lit585,5.88,intermediate,C1=CC=CC=C1CCC(=O)NOC(=O)OCC
lit577,5.68,intermediate,C1=CC=CC=C1COC(=O)ONC(=O)C
lit579,5.8,intermediate,C1=CC=CC=C1COC(=O)ONC(=O)C1=CC=C(C(C)(C)C)C=C1
lit578,5.7,intermediate,C1=CC=CC=C1COC(=O)ONC(=O)C1=CC=CC=C1
lit580,5.94,intermediate,C1=CC=CC=C1COC(=O)ONC(CCC1=CC=CC=C1)=O
lit468,4.06,inactive,C1=CC=CC=C1OCC1=NC(C2=CC=C3NC(=O)CCC3=C2)=CS1
lit400,7.92,active,C1=CC=CC2[Se]N([C@](C(OC)=O)C(C)C)C(=O)C12
lit399,7.92,active,C1=CC=CC2[Se]N([C@](C(OC)=O)CC(OC)=O)C(=O)C12
lit398,7.96,active,C1=CC=CC2[Se]N([C@](C(OC)=O)CC3=CC=C(O)C=C3)C(=O)C12
lit395,7.68,active,C1=CC=CC2[Se]N(C3=CC(C)=NO3)C(=O)C12
lit455,4.55,inactive,C1=CC=CC2=C1[N]C=C2CC(NC(=O)CC3=CC=CC=C3)C(SCC(O)=O)=O
lit454,4.78,inactive,C1=CC=CC2=C1[N]C=C2CC(NC(=O)CC4=CC=C(C3=CC=CC=C3)C=C4)C(SCC(O)=O)=O
lit456,4.26,inactive,C1=CC=CC2=C1[N]C=C2CC(NC(=O)CCCC)C(SCC(O)=O)=O
lit493,5.72,intermediate,C1=CC=CN=C1C(=O)N/N=C/C1=C(O)C=CC=C1
lit492,5.7,intermediate,C1=CC=CN=C1C(=O)N/N=C/C1=NC=CC=C1
lit342,6.23,active,C1=CC=NC(=C1)CN(CCN(CC2=NC(=CC=C2)C(=O)O)CC3=CC=CC=N3)CC4=NC(=CC=C4)C(=O)O
lit298,7.9,active,C1=CC2=NC(=NN2C=C1C3=C(N(C=C3)S(=O)(=O)N)C(=O)O)N
lit295,7.9,active,C1=CN(C(=C1C2=CN=C(N=C2)N)C(=O)O)S(=O)(=O)N
lit490,5.92,intermediate,C1=CN=CC=C1C(=O)N/N=C/C1=C(O)C=CC=C1
lit491,5.82,intermediate,C1=CN=CC=C1C(=O)N/N=C/C1=NC=CC=C1
lit355,4.66,inactive,C1=COC(=C1)CN(CC(=O)O)CC(=O)O
lit353,4.49,inactive,C1=COC=C1CN(CC(=O)O)CC(=O)O
lit358,4.29,inactive,C1=CSC(=C1)CCN(CC(=O)O)CC(=O)O
lit354,4.18,inactive,C1=CSC(=C1)CN(CC(=O)O)CC(=O)O
lit352,3.76,inactive,C1=CSC=C1CN(CC(=O)O)CC(=O)O
lit207,6.15,active,c12c3c(N)ccc1C(=O)NC(=O)c2ccc3
lit422,4.68,inactive,C1C(C(C(C(C1N)OC2C(C(C(C(O2)CO)O)O)N)OC3C(C(C(O3)CO)OC4C(C(C(C(O4)CN)O)O)N)O)O)N
lit522,5.26,intermediate,C1C[C@](N(C)C(=O)CSCCS)[C@@](O)CC1
lit465,4.44,inactive,C1C[C@](O)[C@@](C)[C@@]([H])2C(=O)[C@@](O)C3[C@@]([H])4CC[C@](C(C)=O)[C@@]4(C)CCC=3[C@@]12C
lit242,4.67,inactive,C1C[C@@H](C)CO[C@]12[C@@H](C)[C@@H]3[C@]4(C)[C@@H](C[C@@H]3O2)[C@H]5[C@H](CC4)[C@]6(C)C(=CC5)C[C@@H](O)CC6
lit288,4.6,inactive,C1C[C@H](C)CO[C@]12[C@@H](C)[C@@H]3[C@]4(C)[C@@H](C[C@@H]3O2)[C@H]5[C@H](CC4)[C@]6(C)C(=CC5)C[C@@H](O)CC6
lit281,2.32,inactive,C1C[C@H](O)C(C)(C)[C@@H]([C@]12C)CC[C@]3(C)[C@@H]2CCC4(C)C3=CC[C@]5(C)[C@H]4CC(C)(C)CC5
lit403,7.01,active,C1C=CC=C2[SeH0]N(C(=O)NCC(O)=O)C(=O)C=12
lit386,5.53,intermediate,C1C=CC=C2[SeH0]N(C3=CC=C(C4=NN=C(SCC5=C(C(=O)O)N6C(=O)[C@H](NC(=O)CC7=CC=CC=C7)C6SC5)N4)C=C3)C(=O)C=12
lit405,7.17,active,C1C=CC=C2[SeH0]N(C3=CC=C(NC(=O)OC(C)(C)C)C=C3)C(=O)C=12
lit404,7.23,active,C1C=CC=C2[SeH0]N(CNC(=O)OC(C)(C)C)C(=O)C=12
lit453,6.13,active,C1C=CC=C2SN(CCOC(=O)C3C(C4=C5C=C/C(=N(/CC)\CC)/C=C5OC5=CC(N(CC)CC)=CC=C45)=CC=CC=3)C(=O)C=12
lit461,3.45,inactive,C1C=NC(CN(C)P(OC)(=O)CCSC(=O)C)=CC=1
lit462,3.37,inactive,C1C=NC(CN(CC2=CC=CC=N2)P(OC)(=O)CCSC(=O)C)=CC=1
lit309,4.12,inactive,C1CC(N(C1)C(=O)C(CS)CS)C(=O)O
lit102,5.11,intermediate,c1ccc(C(=O)O)c(c12)NC(=O)C\2=N/NC(=S)Nc3ccccc3
lit196,7.4,active,c1ccc(C(=O)O)c(c12)O[B](O)(O)[C@H](C2)NC(=O)c3ccc(cc3)CN4CCNCC4
lit197,8.4,active,c1ccc(C(=O)O)c(c12)O[B](O)(O)[C@H](C2)NC(=O)c3ccc(cc3)CNCCN
lit195,7.54,active,c1ccc(C(=O)O)c(c12)O[B](O)(O)[C@H](C2)NC(=O)c3ccc(CN)cc3
lit210,4.42,inactive,c1cccc(c12)c(ccc2)NC(=O)C3CCN(CC3)S(=O)(=O)c(ccc4)c(c45)non5
lit205,4.55,inactive,c1cccc(c12)c(cn2C)C3=C(C(=O)NC3=O)c4c(Cl)cc(Cl)cc4
lit111,5.18,intermediate,c1cccc(c12)cccc2CN(C3=O)c(cccc4)c4C35NN=C(S5)c6ccccc6
lit221,4.53,inactive,c1ccccc1[C@@H](N)C(=O)N[C@H](C2=O)[C@H](N23)SC(C)(C)[C@@H]3C(=O)O
lit280,3.95,inactive,c1ccccc1[C@@H](N)C(=O)N[C@H](C2=O)[C@H](N23)SC(C)(C)[C@@H]3C(=O)OCOC(=O)[C@H]4C(C)(C)S(=O)(=O)[C@@H](N45)CC5=O
lit188,6.07,active,c1ccccc1C(=O)Nc2cccc(c2)-c3cc(C(=O)O)nc(c3)C(=O)O
lit228,1.99,inactive,c1ccccc1C(C(=O)O)C(=O)N[C@H](C2=O)[C@H](N23)SC(C)(C)[C@@H]3C(=O)O
lit287,4.14,inactive,c1ccccc1C(CC(=O)C)c(c(=O)o2)c(O)c(c23)cccc3
lit219,6.92,active,c1ccccc1C[C@H](C(=O)O)NC(=O)c2ccc(cc2)C(=O)N[C@@H](C(=O)O)Cc3ccccc3
lit223,4.53,inactive,c1ccccc1CC(=O)N[C@H](C2=O)[C@H](N23)SC(C)(C)[C@@H]3C(=O)O
lit189,6.07,active,c1ccccc1CC(=O)Nc2cccc(c2)-c3cc(C(=O)O)nc(c3)C(=O)O
lit47,4.36,inactive,c1ccccc1CC(CS)C(=O)N[C@H](C(=O)NC)Cc(c[nH]2)c(c23)cccc3
lit46,6.29,active,c1ccccc1CC(CS)C(=O)N[C@H](C(=O)O)Cc(c[nH]2)c(c23)cccc3
lit40,5.6,intermediate,c1ccccc1CC(CS)C(=O)N2CCN(C[C@H]2C(=O)O)C(=O)c3ccccc3
lit41,4.32,inactive,c1ccccc1CC(CS)C(=O)N2CCN(C[C@H]2C(=O)O)C(=O)Nc3ccccc3
lit192,6.51,active,c1ccccc1CN(C(=O)c2cccs2)C(P(=O)(O)O)c3nc(C(=O)O)ccc3
lit218,6.91,active,c1ccccc1CN2CCN(CC2)CCCNS(=O)(=O)c3ccc(cc3)N4C(=O)CCC4=O
lit646,7.68,active,C1CCCCC1N(C)C(=S)N/N=C(/C1=NC=CC=C1)\C1=CC=CC=N1
lit130,6.48,active,c1ccccc1NC(=O)CSc2[nH]c(nn2)-c3c(N)cccc3
lit118,6.38,active,c1ccccc1NC(=O)CSc2[nH]c(nn2)-c3c(O)cccc3
lit124,5.92,intermediate,c1ccccc1NC(=O)CSc2[nH]c(nn2)-c3ccc(O)cc3
lit112,6.77,active,c1ccccc1NC(=O)CSc2[nH]c(nn2)-c3ccccc3
lit103,5.2,intermediate,c1ccccc1NC(=S)N/N=C2\C(=O)Nc(c23)c(Br)ccc3
lit99,4.56,inactive,c1ccccc1NC(=S)N/N=C2\C(=O)Nc(c23)c(C)ccc3
lit109,5.48,intermediate,c1ccccc1NC(=S)N/N=C2\C(=O)Nc(c23)c(I)ccc3
lit100,4.83,inactive,c1ccccc1NC(=S)N/N=C2\C(=O)Nc(c23)c(OC)ccc3
lit101,4.97,inactive,c1ccccc1NC(=S)N/N=C2\C(=O)Nc(c23)cccc3
lit97,5,intermediate,C1CCCCC1SCC(c2nnn[nH]2)CCCc3ccccc3
lit418,4.74,inactive,C1CCNC(=O)C(C1)NC(=O)C2=CC3=C(C=C2)C(=O)OC(C3)C4=CC=CC=C4
lit53,4.44,inactive,c1ccsc1CC(=O)NC(C(=O)SCC(=O)O)Cc2ccccc2
lit50,4.02,inactive,c1ccsc1CC(=O)NC(C)C(=O)SCC(=O)O
lit49,4.54,inactive,c1ccsc1CC(=O)NCC(=O)SCC(=O)O
lit30,4.77,inactive,c1ccsc1CC(CS)C(=O)N2CCC[C@H]2C(=O)O
lit310,5.16,intermediate,C1CN(C(=O)[C@H](C)CS)C(C(O)=O)CC1
lit311,4.69,inactive,C1CN(C(=O)[C@H](C)CS)C(C(O)=O)CCC1
lit300,6.63,active,C1CN(C)CCN1C(=S)N/N=C/C1=CC=CC=C1O
lit301,6.63,active,C1CN(C)CCN1C(=S)NN=CC2=CC=CC=C2O
lit393,7.24,active,C1COCCN1CCN2C(=O)C3=CC=CC=C3[Se]2
lit521,5.48,intermediate,C1N(C(=O)CSCCCS)CCN(CC2=CC=C(Cl)C=C2)C1
lit265,5.87,intermediate,c1occc1C(C2C)CC(O3)C=2C(C)(C4CC(=O)OC)C3C5OC(=O)C(C)(C=CC6=O)C5C46C
lit402,7.55,active,C2=C1C(N([Se]C1=CC=C2)C(=O)OC(C)C)=O
lit394,7.8,active,C2=C1C(N([Se]C1=CC=C2)C3=CC=CO3)=O
lit451,6.14,active,C2=C1C(N(SC1=CC=C2)C(=O)NCCCC)=O
lit444,6.28,active,C2=C1C(N(SC1=CC=C2)C(=O)OC)=O
lit445,6.1,active,C2=C1C(N(SC1=CC=C2)CC3=CC=CO3)=O
lit307,5.27,intermediate,C4=CC1=C(N=C([N]1OCC2=CC=CC=C2)C3=CC=CC=C3O)C(=C4)C(=O)O
lit304,5.07,intermediate,C4=CC1=C(N=C(O1)C3=C2C=CC=CC2=CC=C3O)C(=C4)C(=O)O
lit302,6.13,active,C4=CC1=C(N=C(O1)C3=CC=C2C=CC=CC2=C3O)C(=C4)C(=O)O
lit303,5.01,intermediate,C4=CC1=C(N=C(O1)C3=CC2=C(C=CC=C2)C=C3O)C(=C4)C(=O)O
lit305,5.64,intermediate,C5=CC1=C(N=C(O1)C3=CC=C2C=CC(=CC2=C3O)OCC4=CC=CC=C4)C(=C5)C(=O)O
lit306,6.42,active,C5=CC1=C(N=C(O1)C4=CC=C3C=C(OCC2=CC=CC=C2)C=CC3=C4O)C(=C5)C(=O)O
lit266,4.3,inactive,CC(=N)N1C[C@H](CC1)SC(=C2C(=O)O)C[C@@H](N23)[C@H](C3=O)[C@@H](C)O
lit187,6,active,CC(=O)Nc1cccc(c1)-c2cc(C(=O)O)nc(c2)C(=O)O
lit220,6.55,active,CC(=O)O[C@@H](CC1)C(C)(C)[C@@H]([C@]12C)CC[C@]3(C)[C@@H]2CC[C@]4(C)C3=CC[C@]5(C(=O)O)[C@H]4CC(C)(C)CC5
lit94,5.54,intermediate,CC(=O)SCC(P(=O)(O)O)CCc1ccccc1
lit95,5.18,intermediate,CC(=O)SCC(P(=O)(O)O)CCCc1ccccc1
lit96,5.6,intermediate,CC(=O)SCC(P(=O)(O)O)CCCCc1ccccc1
lit326,4.08,inactive,CC(C(=O)NCC(=O)O)S
lit231,4.09,inactive,CC(C)(C1)[C@@H]([C@H]12)CCC(\C)=C\CCC2=C
lit384,5.55,intermediate,CC(C)(CNC(CC(=O)O)C(=O)O)CNC(CC(=O)O)C(=O)O
lit164,4.66,inactive,CC(C)[C@H](C(=O)O)NC(=O)c1cccc(n1)C(=O)O
lit226,3.61,inactive,CC(C)[C@H](C)CC[C@@H](C)[C@H]1CC[C@H]([C@@]12C)[C@H]3[C@H](CC2)[C@]4(C)C(=CC3)C[C@@H](O)CC4
lit263,3.16,inactive,CC(C)[C@H]1[C@H](O)C[C@H](C)CC1
lit279,1.96,inactive,CC(C)C(CC)C=CC(C)C1CCC(C12C)C3C(CC2)C4(C)C(=CC3)CC(O)CC4
lit318,4.57,inactive,CC(C)C1=C(C(=C2C(=C1)CCC3C2(CCCC3(C)C)C(=O)O)O)O
lit230,3.12,inactive,CC(C)c1cc(O)c(C)cc1
lit439,5.63,intermediate,CC(C)CN1C(=O)C2=CC=CC=C2S1
lit262,5.27,intermediate,Cc(c1)c(C(=O)O)cc(c1C23C)C(=O)CC2C(C)(C)C(=O)CC3
lit261,5.31,intermediate,Cc(c1)c(C(=O)O)cc(c1C23C)C(=O)CC2C(C)(C)CCC3
lit48,3.92,inactive,CC(CC(C(N[C@@H](CC1=CC=CC=C1)C(NC)=O)=O)CS)C
lit382,5.55,intermediate,CC(CNC(CC(=O)O)C(=O)O)CNC(CC(=O)O)C(=O)O
lit314,4.95,inactive,CC(CS)C(=O)N1CCC(CC1)C(=O)N
lit313,5.31,intermediate,CC(CS)C(=O)N1CCC(CC1)C(=O)O
lit316,4.55,inactive,CC(CS)C(=O)N1CCC(CC1)CC(=O)N
lit315,4.7,inactive,CC(CS)C(=O)N1CCC(CC1)CC(=O)O
lit317,5.34,intermediate,CC(CS)C(=O)N1CCC2=CC=CC=C2C1C(=O)O
lit312,4.55,inactive,CC(CS)C(=O)N1CCCC(C1)C(=O)O
lit308,4.66,inactive,CC(CS)C(=O)N1CCCC1C(=O)O
lit285,4.08,inactive,CC(S)C(=O)NCC(=O)O
lit329,5.05,intermediate,CC1(CCC2(CCC3(C(=CCC4C3(CCC5C4(CCC(C5(C)C)O)C)C)C2C1)C)C(=O)O)C
lit442,6.32,active,CC1=CC=C(C=C1)N2C(=O)C3=CC=CC=C3S2
lit478,5.47,intermediate,CC1=CC=C(C=C1)NC(=O)CS
lit252,3.8,inactive,CC1=NCCc(c12)c3c([nH]2)cc(cc3)OC
lit253,3.55,inactive,CC1=NCCc(c12)c3c([nH]2)cc(O)cc3
lit251,3.58,inactive,CC1=NCCc(c12)c3c([nH]2)cccc3
lit420,3.67,inactive,CC12CCCC(C1CCC34C2CCC(C3)(C(=C)C4)OC5C(C(C(C(O5)CO)O)O)OC6C(C(C(C(O6)CO)O)O)O)(C)C(=O)OC7C(C(C(C(O7)CO)O)O)O
lit423,4.81,inactive,CC1C(C(C(C(O1)OCC2C(C(C(C(O2)OC3=C(OC4=CC(=CC(=C4C3=O)O)O)C5=CC(=C(C=C5)O)O)O)O)O)O)O)O
lit421,4.68,inactive,CC1C(C(C(C(O1)OCC2C(C(C(C(O2)OC3=CC(=C4C(=C3)OC(=CC4=O)C5=CC(=C(C=C5)OC)O)O)O)O)O)O)O)O
lit464,4.92,inactive,CC1C2(C(O2)C(O1)(C)C=C(C)C3C4(C=C(C5C(C4C3(C)C(C(C)C(=O)C(C)C)O)(O5)C)C)C)C
lit208,4.54,inactive,Cc1cc(C)c(c(c1)C)NC(=O)CSc(nc2)nc(c23)c4c(N(S3(=O)=O)C)cc(Cl)cc4
lit110,5.57,intermediate,Cc1cc(ccc1)NC(=S)N/N=C2\C(=O)Nc(c23)c(Br)ccc3
lit276,4.83,inactive,CC1CCC(C)(C(C(=O)OC)=CCC2)[C@H]2C13C(=O)OC(C3)c4ccoc4
lit217,7,active,Cc1ccc(cc1)S(=O)(=O)NC(=O)NCCCN2CCN(CC2)Cc3c(F)cccc3Cl
lit346,3.68,inactive,Cc1ccc(N2C(=O)c3ccc(C(=O)c4ccc5c(c4)C(=O)N(c4ccc(C)cc4)C5=O)cc3C2=O)cc1
lit347,3.97,inactive,Cc1ccc(N2C(=O)c3ccc(C(=O)c4ccc5c(c4)C(=O)N(c4ccc(C)cc4C)C5=O)cc3C2=O)c(C)c1
lit131,5.72,intermediate,Cc1ccccc1NC(=O)CSc2[nH]c(nn2)-c3c(N)cccc3
lit119,6.8,active,Cc1ccccc1NC(=O)CSc2[nH]c(nn2)-c3c(O)cccc3
lit125,6.01,active,Cc1ccccc1NC(=O)CSc2[nH]c(nn2)-c3ccc(O)cc3
lit113,6.72,active,Cc1ccccc1NC(=O)CSc2[nH]c(nn2)-c3ccccc3
lit255,3.84,inactive,Cc1nccc(c12)c3c([nH]2)cc(cc3)OC
lit282,4.07,inactive,CC1NCCc(c12)c3c([nH]2)cc(cc3)OC
lit254,5.36,intermediate,Cc1nccc(c12)c3c([nH]2)cccc3
CHEMBL3809001,5.82,intermediate,CCc1ccccc1NC(=O)CSc1nnc([nH]1)c1ccc(cc1)O
CHEMBL3809445,6,active,CCc1ccccc1NC(=O)CSc1nnc([nH]1)c1ccccc1
CHEMBL3810122,6.35,active,CCc1ccccc1NC(=O)CSc1nnc([nH]1)c1ccccc1N
CHEMBL3809559,6.03,active,CCc1ccccc1NC(=O)CSc1nnc([nH]1)c1ccccc1O
lit132,6.35,active,CCc1ccccc1NC(=O)CSc2[nH]c(nn2)-c3c(N)cccc3
lit120,6.03,active,CCc1ccccc1NC(=O)CSc2[nH]c(nn2)-c3c(O)cccc3
lit126,5.82,intermediate,CCc1ccccc1NC(=O)CSc2[nH]c(nn2)-c3ccc(O)cc3
lit114,6,active,CCc1ccccc1NC(=O)CSc2[nH]c(nn2)-c3ccccc3
CHEMBL1379384,2.51,inactive,CCCc1ccc(cc1)C(=O)CCC(=O)O
CHEMBL3808797,6.32,active,CCCCc1ccc(cc1)NC(=O)CSc1nnc([nH]1)c1ccc(cc1)O
CHEMBL3810052,6.82,active,CCCCc1ccc(cc1)NC(=O)CSc1nnc([nH]1)c1ccccc1
CHEMBL3809806,6.8,active,CCCCc1ccc(cc1)NC(=O)CSc1nnc([nH]1)c1ccccc1N
CHEMBL3808671,6.8,active,CCCCc1ccc(cc1)NC(=O)CSc1nnc([nH]1)c1ccccc1O
lit133,6.8,active,CCCCc1ccc(cc1)NC(=O)CSc2[nH]c(nn2)-c3c(N)cccc3
lit121,6.8,active,CCCCc1ccc(cc1)NC(=O)CSc2[nH]c(nn2)-c3c(O)cccc3
lit127,6.32,active,CCCCc1ccc(cc1)NC(=O)CSc2[nH]c(nn2)-c3ccc(O)cc3
lit115,6.82,active,CCCCc1ccc(cc1)NC(=O)CSc2[nH]c(nn2)-c3ccccc3
lit391,7.74,active,CCCN1C(=O)C2=CC=CC=C2[Se]1
lit437,5.09,intermediate,CCCN1C(=O)C2=CC=CC=C2S1
lit450,6.59,active,CCCNC(=O)N1C(=O)C2=CC=CC=C2S1
lit564,4.28,inactive,CCOC(=O)CS
lit401,8.22,active,CCOC(=O)N1C(=O)C2=CC=CC=C2[Se]1
lit211,4.34,inactive,CCOc1ccc(cc1)S(=O)(=O)N2CCN(CC2)c3nc(C)[nH+]c(c3)Nc4ccc(C)cc4
lit209,4.51,inactive,CCOc1ccc(cc1)S(=O)(=O)N2CCN(CC2)c3nc(C)nc(c3)Nc4ccc(C)cc4
lit88,5.66,intermediate,CCOP(=O)(OCC)C(CS)CCc1ccccc1
lit89,5.74,intermediate,CCOP(=O)(OCC)C(CS)CCCc1ccccc1
lit289,4.87,inactive,Clc1cc(c(O)cc1)Cc2c(O)c(cc(Cl)c2)Cc3c(O)ccc(Cl)c3
lit215,6.72,active,Clc1ccc(cc1)-c2noc(n2)CCC(=O)NNC(=S)NCCc3ccccc3
lit117,6.16,active,Clc1ccc(cc1)NC(=O)CSc2[nH]c(nn2)-c3ccccc3
lit135,6.64,active,Clc1cccc(c1)NC(=O)CSc2[nH]c(nn2)-c3c(N)cccc3
lit123,6.8,active,Clc1cccc(c1)NC(=O)CSc2[nH]c(nn2)-c3c(O)cccc3
lit129,6.43,active,Clc1cccc(c1)NC(=O)CSc2[nH]c(nn2)-c3ccc(O)cc3
lit134,6.21,active,Clc1ccccc1NC(=O)CSc2[nH]c(nn2)-c3c(N)cccc3
lit122,6.01,active,Clc1ccccc1NC(=O)CSc2[nH]c(nn2)-c3c(O)cccc3
lit128,6.28,active,Clc1ccccc1NC(=O)CSc2[nH]c(nn2)-c3ccc(O)cc3
lit116,6.46,active,Clc1ccccc1NC(=O)CSc2[nH]c(nn2)-c3ccccc3
lit351,4.6,inactive,CN(CC(=O)O)CC(=O)O
lit436,4.62,inactive,Cn1c(=O)c2ccccc2s1
lit42,5.74,intermediate,COC(=O)[C@@H](CS)NC(=O)OCC1c(cccc2)c2c(c13)cccc3
lit224,3.71,inactive,COc(cc1)c(OC)c(c12)c[n+]3c(c2)c4c(CC3)cc5c(c4)OCO5
lit419,5.47,intermediate,COC1=C(C=C(C=C1)C2CC(=O)C3=C(C=C(C=C3O2)O)O)O
lit416,4.81,inactive,COC1=CC(=CC(=C1)C=CC2=CC=C(C=C2)O)OC
lit479,5.3,intermediate,COC1=CC=C(C=C1)NC(=O)CS
lit348,4.87,inactive,COc1ccc2c3c(cccc13)C(=O)N(OS(=O)(=O)c1ccc(C)cc1)C2=O
lit106,5.33,intermediate,COc1ccccc1NC(=S)N/N=C2\C(=O)Nc(c23)c(Cl)ccc3
lit216,6.64,active,FC(F)(F)c1cc(ccc1)S(=O)(=O)NNC(=O)[C@H](C)Oc(c2)ccc(c23)c(cc(o3)=O)CCC
lit107,5.45,intermediate,Fc1ccc(cc1)NC(=S)N/N=C2\C(=O)Nc(c23)c(Cl)ccc3
lit104,5.22,intermediate,Fc1ccccc1NC(=S)N/N=C2\C(=O)Nc(c23)c(Br)ccc3
lit105,5.31,intermediate,Fc1ccccc1NC(=S)N/N=C2\C(=O)Nc(c23)c(Cl)ccc3
lit369,5.6,intermediate,N.N.Cl[Pt]Cl
lit513,5.8,intermediate,N(C)1C(=O)C(SCCCS)CC1
lit520,5.92,intermediate,N(C1=CC=C(C#N)C=C1)1C(=O)C(SCCS)CC1
lit517,6.32,active,N(C1=CC=CC(C(F)(F)F)=C1)1C(=O)C(SCCCS)CC1
lit516,5.68,intermediate,N(C1=CC=CC(C(F)(F)F)=C1)1C(=O)C(SCCS)CC1
lit515,6.52,active,N(C1=CC=CC=C1)1C(=O)C(SCCCS)CC1
lit514,5.85,intermediate,N(C1=CC=CC=C1)1C(=O)C(SCCS)CC1
lit519,6.41,active,N(C1SC=CN=1)1C(=O)C(SCCCS)CC1
lit518,5.81,intermediate,N(C1SC=CN=1)1C(=O)C(SCCS)CC1
lit359,5.07,intermediate,N(CCC1=CC=CO1)(CC(O)=O)CC(O)=O
lit204,3.32,inactive,N#Cc(co1)c(=O)c(c12)cccc2
CHEMBL3278535,3.32,inactive,N#Cc1coc2c(c1=O)cccc2
lit524,5.62,intermediate,N1(CCN(S(=O)(=O)C2=CC=C(C)C=C2)CC1)C(=O)CSCCS
lit565,5.68,intermediate,N1=C(C(O)=O)C=C(C)C2C(=O)NNC1=2
lit563,4.17,inactive,N1=C(C(O)=O)C=C(O)C=C1C(O)=O
lit486,5.77,intermediate,N1=C(C(O)=O)C=CC=C1CN([C@](C(=O)O)C)CC1=CC=CC(C(O)=O)=N1
lit485,5.8,intermediate,N1=C(C(O)=O)C=CC=C1CN([C@@](C(=O)O)C)CC1=CC=CC(C(O)=O)=N1
lit487,5.78,intermediate,N1=C(C(O)=O)C=CC=C1CN(CC(=O)O)CC1=CC=CC(C(O)=O)=N1
lit488,5.78,intermediate,N1=C(C(O)=O)C=CC=C1CN(CCP(O)(O)=O)CC1=CC=CC(C(O)=O)=N1
lit489,5.81,intermediate,N1=C(C(O)=O)C=CC=C1CNCC1=CC=CC(C(O)=O)=N1
lit562,4.17,inactive,N1=C(S)N=CC=C1C1=CC=CC=N1
lit495,5.62,intermediate,N1=CC=NC=C1C(=O)N/N=C/C1=C(O)C=CC=C1
lit494,5.4,intermediate,N1=CC=NC=C1C(=O)N/N=C/C1=NC=CC=C1
lit286,6.28,active,n1ccccc1CN(Cc2ccccn2)Cc3ccccn3
lit162,4.62,inactive,n1ccsc1CNC(=O)c2cccc(n2)C(=O)O
lit213,3.55,inactive,n1nn[nH]c1Cc2c(C(C(=O)O)C(=O)O)cc(s2)Cc3nnn[nH]3
lit212,3.01,inactive,n1nn[nH]c1COc2c(C(=O)OC)sc(C(=O)OC)c2OCc3nnn[nH]3
lit264,3.53,inactive,NC(=S)N/N=C(\C(=O)N1C)c(c12)cccc2
lit98,3.65,inactive,NC(=S)N/N=C1\C(=O)Nc(c12)cccc2
lit234,3.97,inactive,Nc1nc(cs1)/C(=N/OC)C(=O)N[C@H](C2=O)[C@H](N23)SCC(=C3C([O-])=O)C[N+]4(C)CCCC4
lit250,4.81,inactive,O=C(C)OC1CC(C(C)(C)C(=O)C=C2)C2(C)C(C1(C345)C)CCC3(C)C(OC(=O)C4O5)c6ccoc6
CHEMBL3808813,6.43,active,O=C(Nc1cccc(c1)Cl)CSc1nnc([nH]1)c1ccc(cc1)O
CHEMBL3810164,6.16,active,O=C(Nc1cccc(c1)Cl)CSc1nnc([nH]1)c1ccccc1
CHEMBL3809860,6.64,active,O=C(Nc1cccc(c1)Cl)CSc1nnc([nH]1)c1ccccc1N
CHEMBL3809576,6.8,active,O=C(Nc1cccc(c1)Cl)CSc1nnc([nH]1)c1ccccc1O
CHEMBL3810416,5.92,intermediate,O=C(Nc1ccccc1)CSc1nnc([nH]1)c1ccc(cc1)O
CHEMBL3809713,6.77,active,O=C(Nc1ccccc1)CSc1nnc([nH]1)c1ccccc1
CHEMBL3808891,6.48,active,O=C(Nc1ccccc1)CSc1nnc([nH]1)c1ccccc1N
CHEMBL3809609,6.38,active,O=C(Nc1ccccc1)CSc1nnc([nH]1)c1ccccc1O
CHEMBL3808541,6.01,active,O=C(Nc1ccccc1C)CSc1nnc([nH]1)c1ccc(cc1)O
CHEMBL3808678,6.72,active,O=C(Nc1ccccc1C)CSc1nnc([nH]1)c1ccccc1
CHEMBL3809903,5.72,intermediate,O=C(Nc1ccccc1C)CSc1nnc([nH]1)c1ccccc1N
CHEMBL3809719,6.8,active,O=C(Nc1ccccc1C)CSc1nnc([nH]1)c1ccccc1O
CHEMBL3810235,6.28,active,O=C(Nc1ccccc1Cl)CSc1nnc([nH]1)c1ccc(cc1)O
CHEMBL3809469,6.46,active,O=C(Nc1ccccc1Cl)CSc1nnc([nH]1)c1ccccc1
CHEMBL3809238,6.21,active,O=C(Nc1ccccc1Cl)CSc1nnc([nH]1)c1ccccc1N
CHEMBL3809666,6.01,active,O=C(Nc1ccccc1Cl)CSc1nnc([nH]1)c1ccccc1O
lit3,4.98,inactive,O=C(O)[C@@H](C)CN[C@H](C(=O)O)CN[C@H](C(=O)O)CC(=O)O
lit9,4.28,inactive,O=C(O)[C@@H](C)CS
lit2,4.03,inactive,O=C(O)[C@@H](C)NC[C@@H](C(=O)O)NC[C@H](N)C(=O)O
lit43,4.21,inactive,O=C(O)[C@@H](CS)NC(=O)OCC1c(cccc2)c2c(c13)cccc3
lit6,5.05,intermediate,O=C(O)[C@@H](N)CN[C@H](C(=O)O)CN1CCC[C@@H]1C(=O)O
lit5,4.89,inactive,O=C(O)[C@@H](N)CN[C@H](C(=O)O)CN1CCC[C@H]1C(=O)O
lit4,4.76,inactive,O=C(O)[C@@H](N)CN[C@H](C(=O)OC)CN[C@H](C(=O)O)CC(=O)O
lit35,5.35,intermediate,O=C(O)[C@@H]1CCCCN1C(=O)C(CS)Cc2ccccc2
lit29,4.6,inactive,O=C(O)[C@@H]1CCCN1C(=O)C(CS)Cc2cc(OC)c(O)cc2
lit28,5.21,intermediate,O=C(O)[C@@H]1CCCN1C(=O)C(CS)Cc2ccc(Br)cc2
lit27,5.49,intermediate,O=C(O)[C@@H]1CCCN1C(=O)C(CS)Cc2ccccc2
lit258,3.3,inactive,O=C(O)[C@@H]1CCCN1C(=O)c2c(S)cccc2
lit8,4.09,inactive,O=C(O)[C@H](C)CS
lit1,4.66,inactive,O=C(O)[C@H](C)NC[C@@H](C(=O)O)NC[C@H](N)C(=O)O
lit273,3.22,inactive,O=C(O)[C@H](O)Cc1cc(O)c(O)cc1
lit268,5.19,intermediate,O=C(O)[C@H]1C(C)(C)S[C@@H](N12)[C@@H](C2=O)NC(=O)[C@@H](c3ccccc3)NC(=O)N4CCN(CC)C(=O)C4=O
lit269,3.96,inactive,O=C(O)[C@H]1C(C)(C)S[C@@H](N12)[C@@H](C2=O)NC(=O)C(CC)Oc3ccccc3
lit34,6.15,active,O=C(O)[C@H]1CCCCN1C(=O)C(CS)Cc2ccccc2
lit243,3.3,inactive,O=C(O)[C@H]1CCCN1C(=O)c2c(S)cccc2
lit225,3.22,inactive,O=C(O)/C=C/c1cc(O)c(O)cc1
lit248,3.59,inactive,O=C(O)/C=C/c1cc(OC)c(O)cc1
lit214,3.21,inactive,O=C(O)C(C(=O)O)c1ccsc1
lit7,4.25,inactive,O=C(O)C(C)CS
lit31,5.77,intermediate,O=C(O)C(C)NC(=O)C(CS)Cc1ccccc1
lit256,5.9,intermediate,O=C(O)c(c1)c(C)cc(c1C23C)C(=O)CC2C(C)(C)C(=O)CC3
lit87,4.25,inactive,O=C(O)C(CS)CCCCc1ccccc1
lit272,5.03,intermediate,O=C(O)C[C@@H](C(=O)O)NC[C@@H](C(=O)O)NC[C@@H](N)C(=O)O
lit278,5.15,intermediate,O=C(O)C[C@@H](C(=O)O)NC[C@@H](C(=O)O)NC[C@H](N)C(=O)O
lit271,5.09,intermediate,O=C(O)C[C@@H](C(=O)O)NC[C@H](C(=O)O)NC[C@@H](N)C(=O)O
lit277,4.98,inactive,O=C(O)C[C@@H](C(=O)O)NC[C@H](C(=O)O)NC[C@H](N)C(=O)O
lit80,5.05,intermediate,O=C(O)c1c(CS)cc(cc1)-c2c(C(F)(F)F)cccc2
lit79,5.94,intermediate,O=C(O)c1c(CS)cc(cc1)-c2c(Cl)c(Cl)ccc2
lit74,5.55,intermediate,O=C(O)c1c(CS)cc(cc1)-c2c(Cl)cccc2
lit81,4.36,inactive,O=C(O)c1c(CS)cc(cc1)-c2cc(C(F)(F)F)cc(c2)C(F)(F)F
lit84,5.12,intermediate,O=C(O)c1c(CS)cc(cc1)-c2cc(ccc2)OCC
lit75,6.51,active,O=C(O)c1c(CS)cc(cc1)-c2cc(Cl)ccc2
lit77,6.23,active,O=C(O)c1c(CS)cc(cc1)-c2cc(F)ccc2
lit83,6.24,active,O=C(O)c1c(CS)cc(cc1)-c2ccc(cc2)CC
lit76,6.38,active,O=C(O)c1c(CS)cc(cc1)-c2ccc(Cl)cc2
lit78,6.15,active,O=C(O)c1c(CS)cc(cc1)-c2ccc(F)cc2
lit82,5.62,intermediate,O=C(O)c1c(CS)cc(cc1)-c2cccc(c23)cccc3
lit73,5.25,intermediate,O=C(O)c1c(CS)cc(cc1)-c2ccccc2
lit85,4.99,inactive,O=C(O)c1c(CS)cc(cc1)-c2ccco2
lit86,5.17,intermediate,O=C(O)c1c(CS)cc(cc1)-c2ccsc2
lit181,6.28,active,O=C(O)c1cc(cc(n1)C(=O)O)-c2c(O)cccc2
lit180,6.3,active,O=C(O)c1cc(cc(n1)C(=O)O)-c2c(OC)cccc2
lit179,6.09,active,O=C(O)c1cc(cc(n1)C(=O)O)-c2cc(N(C)C)ccc2
lit178,6.49,active,O=C(O)c1cc(cc(n1)C(=O)O)-c2cc(N)ccc2
lit177,6.22,active,O=C(O)c1cc(cc(n1)C(=O)O)-c2cc(O)ccc2
lit176,6.1,active,O=C(O)c1cc(cc(n1)C(=O)O)-c2cc(OC)ccc2
lit185,6.24,active,O=C(O)c1cc(cc(n1)C(=O)O)-c2ccc(cc2)N(C)C
lit182,6.37,active,O=C(O)c1cc(cc(n1)C(=O)O)-c2ccc(cc2)OC
lit184,5.99,intermediate,O=C(O)c1cc(cc(n1)C(=O)O)-c2ccc(N)cc2
lit183,6.18,active,O=C(O)c1cc(cc(n1)C(=O)O)-c2ccc(O)cc2
lit175,6,active,O=C(O)c1cc(cc(n1)C(=O)O)-c2ccccc2
lit170,5.35,intermediate,O=C(O)c1cc(cc(n1)C(=O)O)Nc2ccc(cc2)OC
lit167,5.47,intermediate,O=C(O)c1cc(cc(n1)C(=O)O)Nc2ccccc2
lit172,5.24,intermediate,O=C(O)c1cc(cc(n1)C(=O)O)NCc(cc2)cc(c23)OCO3
lit171,5.14,intermediate,O=C(O)c1cc(cc(n1)C(=O)O)NCc2ccc(cc2)OC
lit168,5.08,intermediate,O=C(O)c1cc(cc(n1)C(=O)O)NCc2ccccc2
lit174,5.31,intermediate,O=C(O)c1cc(cc(n1)C(=O)O)NCc2ccco2
lit173,5.28,intermediate,O=C(O)c1cc(cc(n1)C(=O)O)NCc2cccs2
lit169,5.04,intermediate,O=C(O)c1cc(cc(n1)C(=O)O)NCCc2ccccc2
lit186,6.05,active,O=C(O)c1cc(ccc1)-c2cc(C(=O)O)nc(c2)C(=O)O
lit165,5.3,intermediate,O=C(O)c1cc(Cl)cc(n1)C(=O)O
lit166,4.87,inactive,O=C(O)c1cc(N(C)C)cc(n1)C(=O)O
lit267,5.64,intermediate,O=C(O)c1ccc([Hg]Cl)cc1
lit161,5.17,intermediate,O=C(O)c1ccc(cc1)N2C(=O)S/C(C2=O)=C\c3c([N+]([O-])=O)cc([N+]([O-])=O)cc3
lit160,5.88,intermediate,O=C(O)c1ccc(cc1)N2C(=O)S/C(C2=O)=C\c3c([N+]([O-])=O)cccc3
lit157,4.97,inactive,O=C(O)c1ccc(cc1)N2C(=O)S/C(C2=O)=C\c3c(Cl)cc(Cl)cc3
lit159,4.97,inactive,O=C(O)c1ccc(cc1)N2C(=O)S/C(C2=O)=C\c3ccc(C(F)(F)F)cc3
lit155,4.92,inactive,O=C(O)c1ccc(cc1)N2C(=O)S/C(C2=O)=C\c3ccc(cc3)OC
lit156,4.91,inactive,O=C(O)c1ccc(cc1)N2C(=O)S/C(C2=O)=C\c3ccc(Cl)cc3
lit158,5.08,intermediate,O=C(O)c1ccc(cc1)N2C(=O)S/C(C2=O)=C\c3ccc(F)cc3
lit151,5.06,intermediate,O=C(O)c1ccc(cc1)N2C(=O)S/C(C2=O)=C\c3ccccc3
lit154,5.95,intermediate,O=C(O)c1ccc(cc1)N2C(=O)S/C(C2=O)=C\c3ccccn3
lit152,6.16,active,O=C(O)c1ccc(cc1)N2C(=O)S/C(C2=O)=C\c3ccco3
lit153,4.84,inactive,O=C(O)c1ccc(cc1)N2C(=O)S/C(C2=O)=C\c3cccs3
lit194,6.16,active,O=C(O)c1cccc(c12)C[C@@H]([B](O2)(O)O)NC(=O)C3CCC(CN)CC3
lit193,5.69,intermediate,O=C(O)c1cccc(c12)C[C@@H]([B](O2)(O)O)NC(=O)C3CCCCC3
lit244,6.28,active,O=C(O)c1cccc(n1)C(=O)O
lit191,6.49,active,O=C(O)c1cccc(n1)C(O)P(=O)(O)O
lit190,6.43,active,O=C(O)c1cccc(n1)CP(=O)(O)O
lit36,5.8,intermediate,O=C(O)C1CCCN(C1)C(=O)C(CS)Cc2ccccc2
lit37,5.74,intermediate,O=C(O)C1CCN(CC1)C(=O)C(CS)Cc2ccccc2
lit33,5.66,intermediate,O=C(O)C1CN(C1)C(=O)C(CS)Cc2ccccc2
lit38,5.17,intermediate,O=C(O)C1N(CCS1)C(=O)C(CS)Cc2ccccc2
lit32,5.59,intermediate,O=C(O)CN(C)C(=O)C(CS)Cc1ccccc1
lit150,4.56,inactive,O=C(O)CN1C(=O)S/C(C1=O)=C\c2c([N+]([O-])=O)cccc2
lit147,4.67,inactive,O=C(O)CN1C(=O)S/C(C1=O)=C\c2c(Cl)cc(Cl)cc2
lit149,4.84,inactive,O=C(O)CN1C(=O)S/C(C1=O)=C\c2ccc(C(F)(F)F)cc2
lit146,4.6,inactive,O=C(O)CN1C(=O)S/C(C1=O)=C\c2ccc(cc2)OC
lit148,4.81,inactive,O=C(O)CN1C(=O)S/C(C1=O)=C\c2ccc(F)cc2
lit145,4.33,inactive,O=C(O)CN1C(=O)S/C(C1=O)=C\c2ccco2
lit283,5.74,intermediate,O=C(O)CNC(=O)C(CS)Cc1ccccc1
lit163,4.31,inactive,O=C(O)CNC(=O)c1cccc(n1)C(=O)O
lit284,1.41,inactive,O=C(O)CO\N=C(\c(cs1)nc1N)C(=O)N[C@@H](C2(C)C)C(=O)N2OS(=O)(=O)O
lit235,4.17,inactive,O=C(O)CO\N=C(\c(cs1)nc1N)C(=O)N[C@H](C2=O)[C@H](N23)SCC(C=C)=C3C(=O)O
lit51,4.91,inactive,O=C(O)CSC(=O)C(C(C)C)NC(=O)Cc1cccs1
lit52,4.55,inactive,O=C(O)CSC(=O)C(CC(C)C)NC(=O)Cc1cccs1
lit238,2.85,inactive,O=C1C[C@H](N12)OC(\[C@@H]2C(=O)O)=C/CO
lit257,3.36,inactive,O=Cc1cc(O)c(cc1)OC
lit90,5.23,intermediate,O=P(O)(O)C(CS)CCc1ccccc1
lit91,5.15,intermediate,O=P(O)(O)C(CS)CCCc1ccccc1
lit92,5.07,intermediate,O=P(O)(O)C(CS)CCCCc1ccccc1
lit39,5.62,intermediate,O=S1(=O)CCN(CC1)C(=O)C(CS)Cc2ccccc2
lit508,5.44,intermediate,O1C(=O)C(SCCS)CC1
lit199,4.19,inactive,OB(O)c(s1)cc(c12)cc(CBr)cc2
lit200,4.22,inactive,OB(O)c(s1)cc(c12)cc(cc2)CN
lit202,4.49,inactive,OB(O)c(s1)cc(c12)cccc2C(=O)O
lit201,4.45,inactive,OB(O)c(s1)cc(c12)cccc2C(=O)OC(C)(C)C
lit203,3.93,inactive,OB(O)c(s1)cc(c12)cccc2NC(=O)OC(C)(C)C
CHEMBL582878,2.71,inactive,OC(=O)CCCc1c[nH]c2c1cccc2
CHEMBL1327484,2.97,inactive,OC(=O)CSc1ccnc2c1ccc(c2)Cl
lit237,4.17,inactive,Oc(c1)cc(O)c(c12)c(=O)cc(o2)-c3ccccc3
lit232,3.23,inactive,Oc(c1)cc(O)c(c12)C[C@H](O)[C@H](O2)c3cc(O)c(O)cc3
lit249,3.03,inactive,Oc1c(O)cc(cc1O)C(=O)O[C@H](Cc(c23)c(O)cc(c3)O)[C@@H](O2)c4cc(O)c(O)c(c4)O
lit259,5.19,intermediate,Oc1ccc(CC=C)cc1-c2c(O)ccc(c2)CC=C
lit236,3.79,inactive,Oc1ccc(cc1)[C@@H](N)C(=O)N[C@H](C2=O)[C@H](N23)SCC(=C3C(=O)O)/C=C/C
lit233,4.36,inactive,Oc1ccc(cc1)[C@@H](N)C(=O)N[C@H](C2=O)[C@H](N23)SCC(C)=C3C(=O)O
lit270,4.46,inactive,Oc1ccc(cc1O)/C=C/C(=O)OC(C(=O)O)Cc2cc(O)c(O)cc2
lit274,3.8,inactive,Oc1ccc(cc1O)CC(C(=O)O)OC(=O)/C=C/c2ccc(O)c(O)c2/C=C/c3cc(O)c(O)cc3
lit239,2.61,inactive,Oc1ccc(cc1OC)/C=C/C(=O)/C=C(\O)/C=C/c2cc(OC)c(O)cc2
lit240,3.26,inactive,Oc1ccc(cc1OC)/C=C/C(=O)CC(=O)/C=C/c2cc(OC)c(O)cc2
lit463,5.01,intermediate,Oc1ccc2c(c1)oc(-c1ccc(O)c(O)c1)c(O)c2=O
lit645,4.73,inactive,S(=O)(=O)1[C@@]([H])2[C@](NC(=O)CC3=CC=CC=C3)C(=O)N2C(C(O)=O)=C(COC(=O)C2=NC(C(=O)O)=CC=C2)C1
lit642,5.07,intermediate,S(=O)(=O)1[C@@]([H])2[C@](NC(=O)CC3=CC=CC=C3)C(=O)N2C(C(O)=O)=C(CSC2=CC=CC3=CC=CN=C23)C1
lit620,4.3,inactive,S(=O)(=O)1[C@@]2[C@](OC)([H])C(=O)N2C(C(O)=O)=C(CSC(=O)C2=CC=CC=C2)C1
lit644,6.52,active,S(=O)1[C@@]([H])2[C@](NC(=O)CC3=CC=CC=C3)C(=O)N2C(C(O)=O)=C(COC(=O)C2=NC(C(=O)O)=CC=C2)C1
lit641,5.66,intermediate,S(=O)1[C@@]([H])2[C@](NC(=O)CC3=CC=CC=C3)C(=O)N2C(C(O)=O)=C(CSC2=CC=CC3=CC=CN=C23)C1
lit619,5.13,intermediate,S(=O)1[C@@]2[C@](OC)([H])C(=O)N2C(C(O)=O)=C(CSC(=O)C2=CC=CC=C2)C1
lit643,5.67,intermediate,S1[C@@]([H])2[C@](NC(=O)CC3=CC=CC=C3)C(=O)N2C(C(O)=O)=C(COC(=O)C2=NC(C(=O)O)=CC=C2)C1
lit640,5.64,intermediate,S1[C@@]([H])2[C@](NC(=O)CC3=CC=CC=C3)C(=O)N2C(C(O)=O)=C(CSC2=CC=CC3=CC=CN=C23)C1
lit616,5.03,intermediate,S1[C@@]2[C@](NC(CC3=CC=CC=C3)=O)C(=O)N2C(C(O)=O)=C(CSC(=O)C2=CC=CC=C2)C1
lit623,5.7,intermediate,S1[C@@]2[C@](O)([H])C(=O)N2C(C(O)=O)=C(CSC(=O)C2=CC=CC=C2)C1
lit638,4.3,inactive,S1[C@@]2[C@](OC)([H])C(=O)N2C(C(O)=O)=C(C)C1
lit630,6.72,active,S1[C@@]2[C@](OC)([H])C(=O)N2C(C(O)=O)=C(C[Se]C2=CC=CC=C2)C1
lit631,5.8,intermediate,S1[C@@]2[C@](OC)([H])C(=O)N2C(C(O)=O)=C(COC(=O)C)C1
lit617,6.6,active,S1[C@@]2[C@](OC)([H])C(=O)N2C(C(O)=O)=C(CSC(=O)C2=CC=CC=C2)C1
lit626,6.3,active,S1[C@@]2[C@](OC)([H])C(=O)N2C(C(O)=O)=C(CSC2=CC=C(C(F)(F)F)C=C2)C1
lit627,6.21,active,S1[C@@]2[C@](OC)([H])C(=O)N2C(C(O)=O)=C(CSC2=CC=C(NC(=O)C)C=C2)C1
lit625,6.7,active,S1[C@@]2[C@](OC)([H])C(=O)N2C(C(O)=O)=C(CSC2=CC=CC=C2)C1
lit632,6.2,active,S1[C@@]2[C@](OC)([H])C(=O)N2C(C(O)=O)=C(CSC2=NC=CC=N2)C1
lit637,6.66,active,S1[C@@]2[C@](OC)([H])C(=O)N2C(C(O)=O)=C(CSC2=NC3=CC=C([N+]([O-])=O)C=C3S2)C1
lit636,6.89,active,S1[C@@]2[C@](OC)([H])C(=O)N2C(C(O)=O)=C(CSC2=NC3=CC=CC=C3S2)C1
lit634,6.26,active,S1[C@@]2[C@](OC)([H])C(=O)N2C(C(O)=O)=C(CSC2=NN=C(C)S2)C1
lit633,6.2,active,S1[C@@]2[C@](OC)([H])C(=O)N2C(C(O)=O)=C(CSC2=NN=CS2)C1
lit635,6.12,active,S1[C@@]2[C@](OC)([H])C(=O)N2C(C(O)=O)=C(CSC2=NN=NN2C)C1
lit629,6,active,S1[C@@]2[C@](OC)([H])C(=O)N2C(C(O)=O)=C(CSCC(=O)CC)C1
lit628,5.92,intermediate,S1[C@@]2[C@](OC)([H])C(=O)N2C(C(O)=O)=C(CSCC)C1
lit618,5.02,intermediate,S1[C@@]2[C@](OC)(NC(=O)CC3=CC=CC=C3)C(=O)N2C(C(O)=O)=C(CSC(=O)C2=CC=CC=C2)C1
lit621,6.34,active,S1[C@@]2[C@](OCC)([H])C(=O)N2C(C(O)=O)=C(CSC(=O)C2=CC=CC=C2)C1
lit622,5.85,intermediate,S1[C@@]2[C@](OCCC)([H])C(=O)N2C(C(O)=O)=C(CSC(=O)C2=CC=CC=C2)C1
lit624,6.51,active,S1[C@@]2[C@](SCC)([H])C(=O)N2C(C(O)=O)=C(CSC(=O)C2=CC=CC=C2)C1
lit349,5.12,intermediate,S4[C@H]2[C@H](NC(=O)CC1=CC=CC=C1)C(=O)N2C(=C(CSC3=CC=CC=[N+]3[O-])C4)C(O)=O
lit11,4.7,inactive,SC[C@@H](C)C(=O)N(C)OC
lit241,4.7,inactive,SC[C@@H](C)C(=O)N1CCC[C@@H]1C(=O)O
lit227,5.1,intermediate,SC[C@@H](C)C(=O)N1CCC[C@H]1C(=O)O
lit24,5.3,intermediate,SC[C@@H](C)C(=O)NCc1c(O)cccc1
lit22,5.3,intermediate,SC[C@@H](C)C(=O)NCc1ccccc1
lit44,4.87,inactive,SC[C@@H](C)C(=O)NCCSC
lit13,4.26,inactive,SC[C@@H](C)C(=O)NOC
CHEMBL1560,4.3,inactive,SC[C@H](C(=O)N1CCC[C@H]1C(=O)O)C
lit12,4.32,inactive,SC[C@H](C)C(=O)N(C)OC
lit64,5.25,intermediate,SC[C@H](C)C(=O)N[C@@H](C(=O)O)c1ccc(F)cc1
lit65,5.45,intermediate,SC[C@H](C)C(=O)N[C@@H](C(=O)O)c1ccc(O)cc1
lit63,4.69,inactive,SC[C@H](C)C(=O)N[C@@H](C(=O)O)c1ccccc1
lit55,4.19,inactive,SC[C@H](C)C(=O)N[C@@H](C(=O)O)Cc(c[nH]1)c(c12)cccc2
lit62,4.14,inactive,SC[C@H](C)C(=O)N[C@@H](C(=O)O)Cc1ccc(O)cc1
lit61,5.15,intermediate,SC[C@H](C)C(=O)N[C@@H](C(=O)O)Cc1ccccc1
lit59,4.93,inactive,SC[C@H](C)C(=O)N[C@H](C(=O)O)c1ccc(F)cc1
lit60,4.62,inactive,SC[C@H](C)C(=O)N[C@H](C(=O)O)c1ccc(O)cc1
lit58,5.06,intermediate,SC[C@H](C)C(=O)N[C@H](C(=O)O)c1ccccc1
lit54,4.61,inactive,SC[C@H](C)C(=O)N[C@H](C(=O)O)Cc(c[nH]1)c(c12)cccc2
lit57,3.49,inactive,SC[C@H](C)C(=O)N[C@H](C(=O)O)Cc1ccc(O)cc1
lit56,3.63,inactive,SC[C@H](C)C(=O)N[C@H](C(=O)O)Cc1ccccc1
lit245,4.19,inactive,SC[C@H](C)C(=O)N1CCC[C@@H]1C(=O)O
lit246,3.3,inactive,SC[C@H](C)C(=O)N1CCC[C@H]1C(=O)O
lit23,5.82,intermediate,SC[C@H](C)C(=O)NCc1ccccc1
lit14,4.04,inactive,SC[C@H](C)C(=O)NOC
lit17,4.28,inactive,SCC(C(Nc1sc(Br)cn1)=O)C
lit18,4.68,inactive,SCC(C(Nc1sc(C)cn1)=O)C
lit15,3.87,inactive,SCC(C)C(=O)Nc1ccccc1
lit45,4.67,inactive,SCC(C)C(=O)Nc1nc(co1)C
lit19,4.7,inactive,SCC(C)C(=O)NCCCC
lit21,3.92,inactive,SCC(C)C(=O)NCCS(=O)(=O)C
lit20,4.89,inactive,SCC(C)C(=O)NCCSC
lit25,4.82,inactive,SCC(C)CO
lit68,3.63,inactive,SCC(N)C(=O)NC(C(=O)O)C(C)C
lit69,4.17,inactive,SCC(N)C(=O)NC(C(=O)O)CC(=O)O
lit67,3.95,inactive,SCC(N)C(=O)NC(C(=O)O)Cc1ccccc1
lit66,3.74,inactive,SCC(N)C(=O)NC(C(=O)O)Cc1cnc[nH]1
lit72,3.6,inactive,SCC(N)C(=O)NCC(=O)NC(C(=O)O)C(C)C
lit71,3.84,inactive,SCC(N)C(=O)NCC(=O)NC(C(=O)O)Cc1ccccc1
lit70,3.58,inactive,SCC(N)C(=O)NCC(=O)NC(C(=O)O)Cc1cnc[nH]1
lit26,4.98,inactive,SCC(S)CO
lit548,5.1,intermediate,SCC(S)CS(=O)(O)=O
lit502,5.41,intermediate,SCCSCC(=O)C1=CC=C(C)C=C1
lit504,5.25,intermediate,SCCSCC(=O)C1=CC=C(Cl)C=C1
lit506,5.87,intermediate,SCCSCC(=O)C1=CC=C(OC)C=C1
